{"cameraMode":{"drawMode":0,"name":"Shaded","section":"Shading Mode"},"sceneLighting":true,"audioPlay":false,"sceneViewState":{"m_AlwaysRefresh":false,"showFog":true,"showSkybox":false,"showFlares":true,"showImageEffects":true,"showParticleSystems":true,"showVisualEffectGraphs":true,"m_FxEnabled":true},"in2DMode":false,"pivot":{"x":4.0707502365112309,"y":-0.9234462380409241,"z":1.4376227855682374},"rotation":{"x":-0.012897941283881665,"y":0.0020938983652740719,"z":0.00010977225610986352,"w":-0.9999773502349854},"size":2.3060057163238527,"orthographic":true}