{"cameraMode":{"drawMode":0,"name":"Shaded","section":"Shading Mode"},"sceneLighting":true,"audioPlay":false,"sceneViewState":{"m_AlwaysRefresh":false,"showFog":true,"showSkybox":false,"showFlares":true,"showImageEffects":true,"showParticleSystems":true,"showVisualEffectGraphs":true,"m_FxEnabled":true},"in2DMode":false,"pivot":{"x":0.9395085573196411,"y":0.15735232830047608,"z":1.6841131448745728},"rotation":{"x":-0.08330084383487702,"y":-0.009874245151877404,"z":0.0008198548457585275,"w":-0.9965088963508606},"size":1.439217209815979,"orthographic":true}