{"cameraMode":{"drawMode":0,"name":"Shaded","section":"Shading Mode"},"sceneLighting":false,"audioPlay":false,"sceneViewState":{"m_AlwaysRefresh":false,"showFog":true,"showSkybox":false,"showFlares":true,"showImageEffects":true,"showParticleSystems":true,"showVisualEffectGraphs":true,"m_FxEnabled":true},"in2DMode":false,"pivot":{"x":-0.5462290048599243,"y":-0.8892428278923035,"z":2.9519999027252199},"rotation":{"x":0.2250581830739975,"y":0.23405811190605164,"z":-0.05579173564910889,"w":0.9441682696342468},"size":0.11244579404592514,"orthographic":false}